Name,Age
Yesenia Johnson,67
Samuel Hall,53
Aaron Romero,54
Maria Thornton,100
Tiffany Gonzalez,65
Amy Callahan,96
Peggy White,77
Richard Bell,55
David Miller,83
William Kirby,51
Christopher Marsh,58
Melinda Werner,95
Linda Walters,53
Lisa Flores,66
Kelly Farley,73
Elizabeth Lee,90
Wendy Mosley,58
James Jones,89
Crystal Wong,85
Tony Wright,72
Katherine Smith,61
Lisa Johnson,58
Taylor Jones,60
Charles Villanueva,75
Morgan Rodriguez,87
Julie Turner,65
Drew Dixon,61
Chelsea Ramos,97
Jennifer Miller,93
Jennifer Boone,59
Loretta Moore DDS,57
Denise Nichols,60
Melissa Smith,51
Mr. Curtis Wilcox,95
Jessica Fields,60
Rachel Allison,64
Christina Cole,96
Trevor Jones,72
Jeffrey Smith,78
Bruce Williams,100
Donna Potts,89
Anthony Wong,68
Patrick Miller,74
Paige Davis,66
Amy Macias,81
Emily Rowland,88
Dr. Raymond Charles PhD,58
Alicia Lewis,83
Ronnie Friedman,58
Eric Pena,91
Thomas Rocha,61
Douglas Hanson,76
Nicole Steele,99
Nicole Lucero,98
Stephen Howell,64
Rachel Wilson,76
Stephanie Maxwell,80
Dennis Bond,69
Rickey Thompson,53
Dorothy Hughes,62
James Costa,66
Brenda Reed,69
Jason Dunlap,90
Diane Espinoza,75
Caroline Oliver,77
Rhonda Ray MD,96
Frank Logan,93
Elizabeth Murray,70
Alexis Mcintosh,56
Nicole Ramos,74
Catherine Hahn,100
David Jones,98
Christine Moore,97
Christopher Hampton,98
Deanna George,89
Lindsay Fields,60
Nicholas Nguyen,66
Stephanie Wallace,85
Sheila Kelly,90
Raymond Jackson,97
Melissa Barnes,95
Kenneth Johnson,100
Sonya Rogers,52
Brendan Young,63
Jerry Rivera,55
Brad Gonzalez,50
Jeffrey Carpenter,75
Jared Nguyen,92
Michael Torres,83
Sarah Wood,72
Christopher Goodwin,57
Jack Chase,81
Cheryl Thompson,87
Eric Morton,54
Susan Lin,71
Lauren Holmes,79
Matthew Garrett,63
Adam Rivera,72
Amy Goodman DDS,85
Christine Garcia,95
Dustin Diaz,70
Laurie Curry,76
William Ramirez,66
Kayla Wood,87
Colin Barton,70
Christopher Smith,71
Gail Morton,64
Jonathan Lindsey,78
Sabrina Chambers,76
Gerald Jones,86
Timothy Cox,58
Peter Rogers,57
Natasha Hunt,66
James Meyer,82
Elijah Hall,53
Frederick Turner,50
Lorraine Ramos,73
Kenneth Miller,100
Anthony Lee,55
Christina Sanchez,51
Aaron Evans,76
Elizabeth Miller,87
Stephanie Powell,67
Brent Stevens,78
Kelly Spencer,90
Timothy Li,57
Dean Conner,56
Arthur Newton,99
Connor Cunningham,79
Alyssa Harrell,87
Mark Rowe,75
Justin Barrett,61
Vickie Sanchez,93
Bailey Lopez,96
Amy Ford,97
Alexa Lloyd,59
Joseph Oconnor,93
Erika Lawson,51
Justin Mcdonald,66
Carol Long,92
Christopher Rodriguez,59
Brandon Price,55
Kathleen Scott,92
Annette Brown,64
Jessica Carter,68
Tara Alvarez,76
Russell White,63
Sarah Lamb,86
Christopher Lindsey DDS,55
Crystal Miller,64
Casey Ward,67
Jenny Jacobs,61
Kristi Erickson,71
Adrienne Duffy,52
Patrick Hill,67
Mrs. Tiffany Maddox,52
Michael Cruz,78
Amanda Young,57
Corey Richards,100
Joel Reyes,82
Dr. Kayla Rodriguez,54
Stephanie Padilla,81
Jose Cortez,89
Lynn Patel,53
Daniel Bennett,87
Mary Wright,53
Jacob Mcintosh,88
Jason Boyd,65
Randall Cohen,76
Kathleen Rios,73
Joseph Mills,81
Scott Wallace,98
Cathy Brandt,86
Kiara Sullivan,88
Stephen Allen,80
Amy Munoz,95
Julian Church,71
Robert Baldwin,86
Valerie Giles,70
Melissa Mathis,80
Mrs. Claudia Carlson,57
Catherine Frey,66
Kent Welch,77
Phillip Lee,91
Jonathan Stone,76
Carla Zavala,70
Cynthia Richards,77
Lori Nguyen,71
Brian Donovan,80
Kent Martin,76
Joshua Vaughn,89
John Williamson,72
Melissa Gutierrez,79
Angela Tucker,59
Monica Jensen,95
Michael Chen,54
Mary Stone,58
Gavin Hinton,53
Joyce Beard,60
Ronald Neal,81
Shannon Castillo,96
Julie Scott,99
Brittany Callahan,57
Jeffery Jackson,88
William Gomez,95
Leslie Norris,74
Kevin Watson,58
Kelly Webb,90
Patrick Rios,52
Matthew Scott,77
Brandon Gonzalez,74
Michael Brown,53
Holly Knight,100
Christina Hunter,86
Ian King,59
David Shannon,87
Amanda Ramirez,97
Alice Schultz,99
Teresa Hardy,100
David Torres,92
Nancy George,85
Donna Nunez,56
Daniel Jones,62
Amy Smith,58
Max Graham,74
Joseph Brewer,50
Timothy Hughes,56
Mikayla Richards,55
Christina Duarte,70
Anthony Stevens,59
Joseph Horton,56
Andrea Soto,83
Gloria Brown,58
Lydia Bright,88
Emily Zimmerman,75
Lynn Torres,50
Stephanie Branch,57
Gloria Orozco,78
Lindsey Pierce,51
Joseph Johnson,98
Jessica Brooks,77
Shawn Washington,94
Joan Hammond,68
Allison Sexton,55
Robert Delacruz,89
Stephen Williams,79
Steven Clarke,73
Melvin Walls,94
Kathleen Brown,65
Kristina Smith,57
Thomas Lawson,84
Diana Salas,70
Corey Buchanan,100
Austin Benson,89
Mrs. Lindsey Lopez,99
Kirk Anthony,82
Samantha Farley,99
William Brown,92
Cynthia Taylor,90
Katie Giles,79
Laura Mason,60
Mark Carter,51
Amber Delgado,65
Robert Clarke,78
Michelle Cherry,73
Amy Wright,97
Carl Archer,53
Vanessa Hoffman,72
Judith Allen,61
Kevin Gilbert,93
Miss Nancy Ford,62
Kenneth Rowe,57
Kevin Randall,67
Joshua Coleman,60
Jennifer Castro,53
Heather Allen,71
Scott Gonzalez,55
Chris Hendricks,89
Gina Clark,87
Kristin Petty,87
Michelle Smith,77
Caitlyn Collins,73
Melinda Hays,64
James Morales,55
Dale Robinson,100
Jennifer Bullock,84
Dr. Tammy Kirby,54
Ariel Rowland,88
Kristi Watson,88
Mr. James Myers MD,80
Dr. Jessica Ramsey MD,63
Kimberly Hurley,85
Marilyn Jones,72
Alexander Mcguire,68
Samantha Lopez,67
Dennis Evans,65
Marcus Mills,79
Maureen Campbell,64
Christopher Nunez,82
Andrew Floyd,63
Zachary Melton,100
Kayla Young,76
Glenn Harrison,62
Adrian Hill,71
Carrie Larson,86
Jared Castillo,96
Diana Alvarez,96
Brian Reed,75
Aaron Gardner,83
Angela Becker,80
Barbara Wright,100
Jeremy Pace,75
Jesse Andrade,61
David Ortiz,90
Jeffery Bowers,98
Christine Howard,69
Kelly Montgomery,62
Dr. Lisa Little,69
Christine Hall,51
Mitchell Jones,64
Heidi Russell,81
Lauren Perkins,100
Christopher Weber,97
Karen Phelps,98
Julie Anderson,77
Michael Villarreal,89
Sherri Garcia,67
Melanie Stone,72
Jessica Clark,61
James Perkins,85
Kevin Gomez,87
Samantha Velez,75
Steven Pugh,76
Sara Blake,82
Patrick Mason,99
Jesse King,54
Scott Pope,54
Dawn Holloway,52
Nicole Mcgee,88
Christopher Brewer,80
Kathleen Yang,67
Rebecca Mills,91
Ashley Parsons,88
Thomas Anderson,57
Ronald Murphy,50
Benjamin Dudley,81
Mackenzie Ellis,83
Scott Tate,51
Taylor Clark,82
Susan Walton,55
Michael Torres,83
Steven Allen,83
Jason Liu,63
Nancy Franklin,97
Christopher Morse,65
Mark Conway,89
Morgan Woodward,77
Jesse Clarke,59
Natalie Burns,84
Dustin Cunningham,69
Tonya Brown,73
Dominique White,97
Amanda Elliott,93
Whitney Phillips,64
David Robinson,68
Christy Cox,84
Rodney Jenkins,91
Todd Young,54
Donald Hinton,100
Joseph Cross,50
Brent Coleman,82
Benjamin Dunlap,82
Michelle Flores,95
Aaron Hayes,77
Kayla Gibson,82
Emma Gonzales,60
Diana Blake,75
Julia Hale,66
Hailey Benitez,55
Jason Morales,53
Nathan Robinson,90
Thomas Day,61
Heather Bowers,54
Miss Christine Perry DDS,53
Ashley Tucker,62
Shelia Jackson,98
Joseph Huerta,59
Peter Waller,78
Ann Sexton,63
Theodore Williams,66
Tracy Jones,71
Phillip Meyer,83
Steven Thomas,94
Gabrielle Singh,99
Christopher Hardy,89
Tonya Rodriguez,53
Robert Olsen,52
Caleb Martin,53
Joseph Murphy,63
Brittany Parker,72
Madison Duncan,59
Alexis Mitchell,73
James Randall,61
Shane Jones,63
Linda Joseph,59
Thomas Jones,74
Jason Long,73
Shelby Nelson,54
Christopher Rojas,50
Brooke Waller,100
Linda Martinez,75
Patrick Watkins,83
Allison Ward,79
Brandon Stout,58
Christian Rangel,65
Ryan Castillo,73
Lisa Greene,78
Tina Riley,94
John Moore,54
Kristin Dawson,95
Anthony Davis,77
Jaime Williams,81
Taylor Miranda,94
Mark Cline,81
Amber Bautista,69
Stanley Martin,56
David Lee,80
Erica Brown,100
Dr. Kimberly Carter PhD,97
Todd Holland,79
Jasmine Maldonado,98
Beverly Tucker,51
Ryan Cooke,84
Jason Blair,82
Joshua Rice,70
Michelle Ochoa,69
Isabel Jennings,87
Jessica Jackson,97
Alexander Smith,93
Mary Boyd,61
Sharon Thompson,60
Bradley Martinez,67
Peter Steele,69
Kimberly Wilson,63
Marco Chan,57
Casey Taylor,93
Henry Johnson,94
Stacey Swanson,64
Samantha Carlson,93
William Carpenter,65
Gregory Williams,75
Steven Lynch,57
James Munoz,79
Rhonda Ramirez,50
Christina Snyder,86
Mark Guzman,60
Kayla Powers,91
James Bennett,61
Jade Carr,95
Bobby Underwood,76
Willie Sims,74
Kaitlyn Garrett,68
Alexis Williamson,66
Lori Brown,94
Juan Rogers,61
Megan Reeves,89
Charles Wilson,62
Patricia King,78
Valerie Cunningham,64
Taylor Macias,95
Amanda Knight,69
Felicia Dixon,100
Christopher Torres,95
Jillian Richardson,56
David Mccarthy,85
Patricia Stewart,85
Colton Herrera,94
Michael Stephens,63
Erin Barrera,88
Lindsay Deleon,82
Eric Ross,86
Lori Benson,89
Brittany Brock,71
Matthew Davis,95
Michael Hoffman,55
Casey Berry,60
Lauren Harris,75
Lori Walker,59
Richard Roach,60
Robert Miller,51
John Smith,52
Angel King,95
Sarah Jones,58
Jessica Schultz,50
James Johnson,74
Helen Diaz,73
Steven Moody,90
Carolyn Smith,72
Amy Fox,84
Nicole Wells,64
Alexander Richardson,51
Alexander Mcknight,65
Amanda Allen,72
Stacy Newman,78
Melissa Graham,50
Jennifer Miranda,91
David Brown,58
Marilyn Carter,61
Beth Johnson,86
Aaron Turner,87
Mrs. Jill Jones,76
Ashley Lowery,61
Juan Martinez,63
Kyle Lopez,97
Sabrina Thompson,50
Kerri Smith,78
Roger Medina,95
Mr. John Collins,74
Nathan Stone,98
Daniel Cardenas,74
Joshua Brown,86
Amy Martinez,69
Howard Bennett,60
Katherine Lee,55
Samuel Castillo,89
Sherri Barajas,64
Angela Webster,71
Adam Smith,56
Holly Chavez,60
Lori Ortiz,76
Elizabeth Hensley,77
Mark Cowan,65
Lauren Mccormick,57
David West,77
Lori Franklin,81
Stephanie Martin,71
Caitlyn Allen,51
Maria Ward,71
Lauren Henry,55
Teresa Johnson,90
Robert White,85
Dana Castillo,73
Michael Alvarez,83
Theodore Montoya,83
Jenna Krueger,54
Andrew Green,96
Robert Giles,54
Javier Parker,55
Eric Deleon,50
Eric Rogers,58
Jesse Frazier,57
Manuel Sherman,73
Jonathan Wilkinson,52
Brandon Martinez,54
Melissa Townsend,97
Daniel Jones,76
Kathleen Wilson,94
Kelly Thomas,92
Crystal Lamb,50
Joseph Lee,96
Dawn Delacruz,96
Bryce Mcguire,86
John Mays,78
Kevin Keith,83
Todd Roth,52
Michael Jackson,66
Latoya Clark,52
Diane Fritz,55
Justin Lam,77
John Harris,53
Daniel Moore,84
Brianna Shea,78
Caitlyn Lopez,74
Sonya Barnes,80
Kim Wells,60
Kayla Ray,90
Albert Nelson,98
Jennifer Lewis,58
Thomas Thompson,90
Angela Harris,63
Alison Murray,61
Daniel Green,67
Kathleen Lutz,78
Michael Robinson,73
Vanessa White,71
Audrey Garcia,55
Meghan Washington,52
Ronald Ford,50
Norman Byrd,62
Charlotte Adams,91
Lindsey Walker,72
Christopher Maldonado,76
Evan Schmidt,80
Michael Brown,75
Rebecca Bautista,91
Emily Lee,55
Bridget Perez,83
Lindsey Hughes,56
Ariel Taylor,59
Martin Wilson,76
Madison Nelson,87
Lawrence Bolton,90
Nicholas Hogan,52
Monica Robinson,51
Cheryl Pugh,81
Tina Kim,59
Chris Gonzales,76
Christopher Wood,62
Joshua Perez,95
Dakota Howard,88
Tiffany Velazquez,77
Timothy Lloyd,64
Russell Welch,51
Sarah Goodman,70
Dawn Walters,64
Randy Long,53
Lindsay Riley,57
Mark Brown,89
Jennifer Le,90
Susan Smith,81
Drew Anderson,58
Carolyn Jefferson,99
David Hamilton,64
Derek Lopez,68
Kristin Rosario,71
Laura King,82
Kevin Rodgers,97
Michael Moore,51
David Smith,72
Kenneth Reed,99
Andrea Shaw,96
Leah Matthews,79
Jennifer Watson MD,97
Shawn Parks,72
Anthony Durham,57
Christine Valdez,71
Ryan Mann,52
Sarah Wright,83
Joshua Newman,63
Jessica Maxwell,74
Frederick Atkins,98
Robert Lawson,77
Brianna Roberts,68
Julia Jones,78
Amanda Raymond,57
Valerie Hayden,99
Anne Ross,90
Joe Edwards,86
Michelle Oneill,86
Tiffany Blair,98
Amy Taylor,99
Gregory Smith,75
Danielle Kelly,54
Jasmine Fernandez MD,94
Adrian Davis,90
Karina Wang,76
Jocelyn Stone MD,63
Tracy Gonzalez,68
Melissa Davis DDS,85
Jacob Benson,70
Shawn Smith,69
Christopher Warren,72
Diane Richards,73
Laurie Miller,97
Barbara Gallegos,59
Roy Larson,75
Andrea Norton,62
Morgan Schneider,58
Kelly Wilson,73
Margaret Warren,60
Christopher Forbes,78
Kurt Horne,97
Karen Harper,76
Elaine Nelson,96
Cassidy Newton,70
Nicole Braun,50
Kayla Vazquez,88
Ralph Smith,79
Richard Rich,69
Gregory Walsh,69
Brandon Garcia,74
David Morrison,54
Megan Kelley,72
Vanessa Wilson,62
Ronald Watson,97
Nancy Patterson,63
Carly Flores,79
Alexander Ramos,72
Traci Thompson,60
Michael Ramsey,50
Travis Stone,53
Kelly James,78
Ryan Wade,62
Jason Andersen,55
Alexandria English,81
Daniel Turner,61
Shawn Bell,60
Keith Lewis,67
Jessica Johnson,77
Matthew Vaughan,94
Anthony King,62
Sherri White,65
Kenneth Parker,62
Madeline Clark,68
Daniel Carlson,59
Isaac Harmon,58
Jack Ramirez,93
Catherine Brown,88
Michael White,93
Meghan Curry,57
Tracy Smith,73
Wendy Park,75
Carlos Bell,95
Deborah Rodriguez,98
Sandra Nunez,56
Francisco Cox,80
Colleen Hoover,55
Casey Casey,84
Karen Garcia,74
Brian Reese,64
Brian Garcia,69
David Jones,93
Kristen Bishop,84
